lname,Count_Open,Count_Closed,TotBusines,PercClosed,Pop_Tot_Prop,AGE_Und18_Prop,AGE_Und18_Perc,AGE_18to24_Prop,AGE_18to24_Perc,AGE_25to34_Prop,AGE_25to34_Perc,Age_35to44_Prop,Age_35to44_Perc,Age_45to54_Prop,Age_45to54_Perc,Age_55to64_Prop,Age_55to64_Perc,AGE_Ov65_Prop,AGE_Ov65_Perc,R_White_Prop,R_White_Perc,R_Black_Prop,R_Black_Perc,R_Native_Prop,R_Native_Perc,R_Asian_Prop,R_Asian_Perc,R_PacIslan_Prop,R_PacIslan_Perc,R_Other_Prop,R_Other_Perc,R_Multi_Prop,R_Mult_Perc,R_Latino_Prop,R_Latino_Perc,E_PopOv25_Prop,E_PopOv25_Perc,E_LessHS_Prop,E_LessHS_Perc,E_HS_Prop,E_HS_Perc,E_SomeCol_Prop,E_SomeCol_Perc,E_Bach_Prop,E_Bach_Perc,E_Adv_Prop,E_Adv_Perc,LF_Pop_Prop,LF_Pop_Perc,LF_Army_Prop,LF_Army_Perc,LF_Employe_Prop,LF_Employe_Perc,LF_Busines_Prop,LF_Busines_Perc,LF_Profess_Prop,LF_Profess_Perc,LF_Healthc_Prop,LF_Healthc_Perc,LF_Securit_Prop,LF_Securit_Perc,LF_Food_Prop,LF_Food_Perc,LF_Mainten_Prop,LF_Mainten_Perc,LF_PersCar_Prop,LF_PersCar_Perc,LF_Sales_Prop,LF_Sales_Perc,LF_Admin_Prop,LF_Admin_Perc,LF_FFF_Prop,LF_FFF_Perc,LF_Constru_Prop,LF_Constru_Perc,LF_Product_Prop,LF_Product_Perc,LF_Transit_Prop,LF_Transit_Perc,MHI_Tot_Divided,H_TotUnits_Prop,H_Occupied_Prop,H_Occupied_Perc,H_Vacant_Prop,H_Vacant_Perc,H_RenterOc_Prop,H_RenterOc_Perc,RB_30to49_Prop,RB_30to49_Perc,RB_Ov50_Prop,RB_Ov50_Perc,AREA_Prop
Blackstone,14,1,15,7%,6272.913093,1524.753762,0.243069486,180.6666969,0.028801084,1097.861525,0.175016218,787.1446741,0.125483115,821.5722615,0.130971408,786.9195851,0.125447232,1073.994588,0.171211457,5216.573567,0.831603035,102.906907,0.016404963,4.530544313,0.000722239,519.7670742,0.082858963,3.400073017,0.000542025,20.2025462,0.0032206,206.6667817,0.032945902,198.8655997,0.031702272,4567.492634,0.72812943,57.7322209,0.012639806,259.1152892,0.056730314,411.9705562,0.090196217,1299.551569,0.284521875,2539.122998,0.555911788,3449.76853,0.549946808,18.12434203,0.005253785,3283.329298,0.951753507,680.7021508,0.19731821,1972.908258,0.571895836,11.66938856,0.003382658,8.623799305,0.00249982,42.96897911,0.012455612,10.3265764,0.002993411,42.64393032,0.012361389,224.6480195,0.065119737,172.5175707,0.050008448,0.075315915,2.18E-05,44.610036,0.012931313,52.42117448,0.015195563,19.21409872,0.005569678,149209.1973,2739.407533,2545.699329,0.929288286,193.7082031,0.070711714,672.8616238,0.264313077,105.1961966,0.156341502,202.365392,0.300753357,5.744286803
Charles,27,1,28,4%,6690.618152,1784.021568,0.266645253,468.7005071,0.070053394,972.31198,0.145324686,890.5960877,0.133111182,976.8418097,0.146001728,939.5954896,0.14043478,658.5507106,0.098428979,1912.984814,0.285920489,1609.909791,0.240621981,0.006222302,9.30E-07,179.4624508,0.026823,6.700287107,0.001001445,51.61676521,0.007714798,424.986351,0.063519744,2504.951471,0.374397614,4437.896078,0.663301354,752.392003,0.169537995,1638.436155,0.369192096,1091.302369,0.245905346,706.426051,0.159180395,249.3394993,0.056184168,3324.662065,0.496914035,0,0,3137.235007,0.94362523,156.3218401,0.047018866,487.8522034,0.146737381,508.297929,0.152887096,182.3817914,0.054857242,124.2094773,0.037360031,316.2640681,0.095126681,96.57579847,0.029048305,329.2401842,0.099029669,242.4607531,0.072927939,31,0.009324256,94.08932729,0.028300418,194.2359635,0.058422769,374.3056716,0.112584577,28048.00187,2990.271267,2582.401917,0.863601221,407.8693502,0.136398779,1502.807137,0.581941613,503.5234913,0.335055297,102.6187652,0.06828472,4.516936388
College Hill,35,1,36,3%,8606.6193,281.5107605,0.032708634,5822.176907,0.67647664,977.3730879,0.113560627,276.3059151,0.032103885,318.1558746,0.036966417,553.1323407,0.064268248,377.9644138,0.043915549,5664.559413,0.65816312,393.7686175,0.045751834,39.05005258,0.004537212,1427.929168,0.165910576,9.99676337,0.00116152,43.79488352,0.005088512,317.9847499,0.036946534,709.5356519,0.082440692,2502.931632,0.290814726,115.299239,0.046065677,97.41111829,0.038918809,209.2359543,0.083596352,793.2316173,0.316921009,1287.753703,0.514498154,4096.325545,0.475950591,0,0,3821.148398,0.932823419,527.8196871,0.128851987,1626.082239,0.396961184,32.6322425,0.007966223,47.85403777,0.011682186,230.1241233,0.056178182,56.38864936,0.013765666,249.3353883,0.06086806,403.0117976,0.098383733,486.3797069,0.118735609,0.127059678,3.10E-05,31.182192,0.007612235,61.53992138,0.015023201,68.67135334,0.016764135,58696.84378,2235.294819,1719.702878,0.76934052,515.5919412,0.23065948,1126.193012,0.654876506,143.7608343,0.127652039,414.2240207,0.367809084,5.885946938
Downtown,167,10,177,6%,4814.945538,190.1673875,0.039495231,2103.045623,0.43677454,790.0829168,0.164089689,353.9515245,0.073511013,297.1800498,0.061720335,493.2660866,0.10244479,587.2519505,0.121964401,2427.953543,0.504253584,365.24776,0.075857091,117.6444944,0.024433193,825.8823406,0.171524752,0.003236703,6.72E-07,17.43000507,0.00361998,183.8983415,0.038193234,876.8858169,0.182117494,2521.732528,0.523730229,391.3287182,0.155182484,487.0210549,0.193129545,307.061454,0.121766068,483.9166143,0.19189847,852.4046868,0.338023433,2529.646313,0.525373816,0,0,2288.428951,0.904643839,359.5470254,0.142133319,734.9952796,0.290552587,0.008467415,3.35E-06,80.92304443,0.031989865,138.8758813,0.054899327,42.21007448,0.016686157,92.57043459,0.03659422,305.6698773,0.120835026,405.4996215,0.16029894,0,0,45.24645818,0.017886476,26.88676206,0.010628665,55.99602429,0.02213591,50552.73569,2309.253769,1974.370895,0.854982212,334.8828742,0.145017788,1681.142313,0.851482524,273.1797097,0.162496481,402.8692692,0.239640194,3.561838232
Elmhurst,25,0,25,0%,10617.43737,1482.266486,0.139606803,2901.510592,0.273277863,1075.79621,0.101323528,1223.441527,0.115229455,1286.852346,0.121201784,1145.321961,0.107871789,1502.248249,0.141488779,7326.072443,0.690003829,783.4978693,0.0737935,13.06658168,0.001230672,460.3964794,0.043362298,6.596156673,0.000621257,37.03477971,0.003488109,244.1998071,0.022999882,1746.573252,0.164500453,6233.660292,0.587115334,518.3049507,0.083146166,1447.863963,0.232265458,1664.774684,0.267062144,1245.175289,0.199750264,1357.541406,0.217775968,5280.505416,0.497342742,6.630844913,0.001255722,5117.52788,0.969135997,780.2232319,0.147755408,1453.292613,0.275218468,140.1808761,0.026546867,30.49451228,0.005774923,269.796825,0.051092993,218.8978119,0.041453951,203.9571168,0.038624545,526.0746696,0.099625818,736.0093644,0.139382371,0,0,252.4556296,0.04780899,266.2652074,0.05042419,239.8800223,0.045427474,49994.9439,3867.889657,3517.800015,0.909488204,350.0896414,0.090511796,1315.378111,0.373920662,263.4082493,0.200252876,345.2246223,0.262452765,10.31860744
Elmwood,41,1,42,2%,11270.76399,3043.015073,0.269991908,1772.397391,0.157256189,1554.248328,0.137900885,1523.838308,0.135202752,1374.702702,0.121970676,928.8875493,0.082415669,1073.674637,0.095261922,1165.107503,0.103374315,1125.853939,0.099891537,397.3910938,0.035258576,465.4075896,0.041293349,23.91153328,0.002121554,93.86503857,0.008328188,85.12088165,0.007552361,7914.106408,0.70218012,6455.351523,0.572751903,1986.660927,0.307754104,1933.599836,0.299534399,1671.464591,0.258926967,583.3392036,0.090365211,280.2869655,0.043419319,5592.883263,0.496229295,0,0,4673.215951,0.835564722,275.1707067,0.049200152,410.8485334,0.073459165,262.7487908,0.04697913,48.06090514,0.008593225,81.5862052,0.014587504,334.5950242,0.05982514,212.8484415,0.038057015,700.271118,0.125207533,749.0208817,0.133923926,74.11404655,0.013251492,262.6375481,0.04695924,618.2720979,0.110546219,643.0416515,0.114974982,40084.05474,4236.41934,3563.570587,0.84117513,672.8487529,0.15882487,2663.674077,0.747473359,682.5611743,0.256248007,555.7581234,0.20864344,9.046041527
Federal Hill,78,5,83,6%,6602.838502,977.0852478,0.147979577,1284.528733,0.194541898,1693.493195,0.256479572,854.6461269,0.12943617,413.3403503,0.062600403,528.5536203,0.080049455,851.1912285,0.128912926,3357.480701,0.508490508,399.9407479,0.060571033,1.253091749,0.000189781,392.1258024,0.059387459,0,0,20.2193946,0.003062228,128.6084343,0.019477749,2303.210329,0.348821242,4341.224521,0.657478525,850.1582021,0.195833733,1292.956429,0.297832195,652.3467047,0.150267903,920.6302532,0.212066952,625.1329322,0.143999217,3807.099881,0.57658534,0,0,3505.13015,0.920682477,465.0250026,0.122146783,865.5530696,0.227352341,57.01641114,0.014976337,31.12083552,0.008174421,666.0520562,0.174949982,173.1667943,0.045485225,170.8168547,0.044867973,333.0150589,0.08747211,281.1973802,0.073861309,0,0,238.4330681,0.06262853,103.4165221,0.027164121,120.3170964,0.031603346,33768.13414,3846.513342,2973.642742,0.773074855,872.8705995,0.226925145,2474.92577,0.832287529,566.9028009,0.229058507,487.9240426,0.19714694,6.760442011
Fox Point,48,5,53,9%,3661.118119,240.5025003,0.065690997,938.27819,0.256281868,1074.755331,0.293559316,276.585421,0.075546708,256.4724798,0.070053047,376.6873429,0.102888607,497.8368539,0.135979457,2406.699538,0.657367356,205.3530192,0.056090247,0.016956932,4.63E-06,569.5331447,0.155562625,0,0,126.0770852,0.034436771,122.2928939,0.033403154,231.1454815,0.063135216,2482.337429,0.678027135,128.7270184,0.05185718,255.4690766,0.102914726,206.2397748,0.083082893,801.5607505,0.322905638,1090.340808,0.439239563,2112.087512,0.57689685,0,0,1989.250271,0.941840837,263.182141,0.124607593,1220.779747,0.577996764,26.9428258,0.012756491,39.02728192,0.018478061,56.87583049,0.026928728,1.572120837,0.000744345,59.28241204,0.028068161,156.2669261,0.073986956,105.0178313,0.049722292,0,0,10.02369431,0.004745871,30.60981787,0.014492684,19.6696424,0.009312892,44736.10251,2155.525322,1791.730917,0.831227032,363.7944052,0.168772968,1312.437537,0.732497009,312.6782414,0.238242379,456.1043233,0.347524595,4.080839561
Hartford,23,0,23,0%,6788.62411,2327.43555,0.342843485,593.3904485,0.087409531,1240.111101,0.182674881,782.9520119,0.115332945,829.6138973,0.122206486,524.258996,0.077226105,490.8621054,0.072306567,842.6410124,0.124125449,1327.213459,0.195505516,61.80592263,0.009104337,182.3804411,0.026865597,0,0,0,0,10.5901543,0.001559985,4363.99312,0.642839116,3867.798112,0.569746984,998.3271527,0.258112529,1752.304365,0.453049594,786.7971477,0.203422496,281.1986936,0.072702526,49.17075277,0.012712854,3061.740231,0.451010423,0,0,2540.212393,0.829662937,140.9884611,0.046048473,142.7126135,0.046611601,327.4861195,0.106960779,0,0,255.7836675,0.083541923,210.614355,0.0687891,65.05538282,0.021247845,303.2524289,0.099045773,248.4235862,0.081138035,23.87600705,0.007798182,210.7159481,0.068822282,406.505611,0.132769465,204.7982122,0.06688948,29447.67232,2529.710172,2172.411573,0.858759077,357.2985999,0.141240923,1507.725826,0.694033233,431.8299972,0.286411488,325.6903993,0.21601434,6.137022238
Hope,27,0,27,0%,3031.252222,514.946523,0.169879141,186.2899122,0.061456421,530.8146433,0.175113981,503.8758677,0.166226969,364.9969512,0.120411277,379.4191511,0.125169113,550.9091734,0.181743099,2060.449412,0.67973539,269.0707437,0.088765541,3.469455695,0.001144562,414.6719486,0.136798893,11.87845614,0.003918663,9.479136634,0.003127136,154.2848953,0.050898072,107.948174,0.035611743,2330.015787,0.768664438,198.1927351,0.085060683,323.1444338,0.138687659,368.9049116,0.158327216,613.4728073,0.263291266,826.3008989,0.354633176,1690.334445,0.557635697,23.15418715,0.013697992,1609.19623,0.951998721,248.3300036,0.146911757,733.4664865,0.433917967,25.17734899,0.014894892,17.68827326,0.010464363,19.86033634,0.011749353,44.418692,0.026278049,43.97303258,0.026014398,183.0362375,0.108284037,170.3217067,0.100762134,0,0,51.43973669,0.030431692,40.09897829,0.023722511,31.38539714,0.018567566,80228.03496,1365.085974,1281.798587,0.938987442,83.28738743,0.061012558,506.9885232,0.395529008,96.44107444,0.190223388,85.22794098,0.168106253,2.479723629
Lower South Providence,23,3,26,12%,5874.548161,1840.19448,0.313248684,692.4706365,0.117876408,766.3397648,0.130450844,696.2948348,0.118527386,743.4614277,0.126556359,522.5764926,0.088956032,613.2105252,0.104384288,295.1123736,0.050235757,1168.519221,0.198912187,66.1331592,0.011257574,45.18493872,0.007691645,0.002959426,5.04E-07,0.277430515,4.72E-05,16.73656231,0.002848996,4282.581517,0.729006112,3341.883045,0.568874908,1035.177289,0.309758683,1096.032086,0.327968415,798.4232571,0.238914183,301.9852776,0.090363808,110.2651348,0.032994911,2496.168894,0.424912491,0,0,2173.649672,0.870794311,121.0954234,0.048512512,330.2520133,0.132303553,219.4559113,0.087917092,17.07571432,0.006840769,61.60636747,0.024680368,233.9866991,0.093738328,113.7472229,0.045568721,159.5984448,0.063937358,191.9337755,0.076891342,0,0,137.1574479,0.054947183,256.8833527,0.102911046,330.8572994,0.132546039,21988.82705,2234.274378,1941.754136,0.869075954,292.520242,0.130924046,1356.451302,0.698570059,350.2733529,0.258227739,474.1595107,0.349558816,5.91142467
Manton,9,0,9,0%,3963.408614,951.6298719,0.240103902,1219.733662,0.307748653,585.5802581,0.147746628,208.9884909,0.052729484,426.2151094,0.107537514,191.1097056,0.048218522,380.1515162,0.095915297,1690.548907,0.426539141,606.3645226,0.152990666,5.716041642,0.001442203,111.92985,0.028240805,0,0,11.43208328,0.002884407,138.8230439,0.035026175,1398.594166,0.352876602,1792.04508,0.452147445,356.1721783,0.198751796,594.7457837,0.331881039,422.5705228,0.235803512,358.582089,0.200096578,59.97450633,0.033467075,2093.306856,0.528158224,0,0,1966.979151,0.939651607,209.2896472,0.099980395,264.2570118,0.126239023,150.320504,0.071810066,43.32684771,0.020697801,195.039282,0.09317281,49.72252868,0.023753101,23.81684017,0.011377615,436.9949626,0.208758196,251.867196,0.120320246,0,0,41.10897381,0.019638293,110.5357858,0.052804387,190.6995712,0.091099674,37649.73386,1368.366447,1215.658744,0.888401456,152.7077037,0.111598544,779.3102225,0.641060023,326.9332766,0.419516217,124.1800005,0.159346043,2.463034058
Mount Hope,16,0,16,0%,6039.175782,1036.30922,0.17159779,635.6948218,0.105261851,1408.070906,0.233156139,850.3940012,0.140812924,586.7649717,0.097159777,652.5826353,0.108058228,869.3592258,0.143953291,3328.979466,0.551230762,943.295386,0.156196047,12.95954726,0.002145913,235.5560521,0.039004669,5.09602075,0.000843827,74.23260557,0.012291844,421.4724607,0.069789732,1017.584243,0.168497206,4367.17174,0.723140358,579.7874388,0.132760394,800.1417624,0.18321738,689.2408735,0.157823167,1317.935794,0.301782451,980.0658713,0.224416609,3296.804249,0.545903012,0,0,3197.557031,0.969895932,542.6906694,0.164611129,1259.659672,0.382085067,101.5561927,0.030804435,39.07698134,0.011852988,266.8567432,0.080944067,31.89159353,0.009673487,0.443146888,0.000134417,233.780014,0.070911099,285.6849616,0.086655118,22.79762484,0.006915068,84.27744225,0.025563375,147.0352824,0.044599337,181.806707,0.055146346,51817.15903,3168.592157,2726.498384,0.860476277,442.0937737,0.139523723,1893.898163,0.694626549,470.2970375,0.248322242,278.6058423,0.147107087,6.971168284
Mount Pleasant,24,1,25,4%,10909.46104,2625.368017,0.24065057,1394.644874,0.127838109,1869.137242,0.171331768,1554.031837,0.142448085,1249.285764,0.114513976,1126.600373,0.103268197,1090.392931,0.099949294,3147.893209,0.288547088,2208.096171,0.202401949,14.17151155,0.001299011,242.0862181,0.022190484,0,0,30.42170857,0.002788562,190.1837564,0.01743292,5076.608463,0.465339988,6889.448147,0.631511321,1161.225438,0.1685513,2491.325878,0.361614722,1492.427955,0.216625181,1199.216687,0.174065711,545.2521879,0.079143086,5805.070732,0.53211343,13.36915504,0.002303013,5389.353145,0.928387162,658.9355045,0.113510332,962.9165566,0.165875077,447.8350719,0.077145498,179.7000042,0.030955696,269.3728643,0.046403029,322.6293675,0.055577164,196.0368706,0.033769937,417.3061827,0.071886494,688.8292974,0.118659932,0.002367635,4.08E-07,424.0663887,0.073051029,315.5398158,0.054355895,506.1828526,0.087196673,55747.70505,4191.873575,3642.586223,0.86896376,549.2873519,0.13103624,1597.926021,0.438678983,310.8727538,0.194547651,422.5193333,0.264417331,10.08472197
Olneyville,59,1,60,2%,6580.115958,1789.7099,0.271987593,733.2663162,0.111436686,1426.185327,0.216741671,704.2839304,0.107032146,874.9723837,0.132972183,478.3127941,0.072690633,573.3853069,0.087139089,1334.399875,0.20279276,970.7473905,0.147527399,55.71643383,0.008467394,109.5327533,0.016646022,0,0,0,0,167.2351658,0.025415231,3942.48434,0.599151195,4057.139742,0.616575721,1163.635022,0.286811669,1648.712259,0.406373052,870.3607182,0.214525694,322.605908,0.079515602,51.82583446,0.012773983,2886.6159,0.438687695,9,0.003117838,2463.063496,0.853270259,173.6261334,0.060148679,315.496802,0.109296426,172.3567749,0.05970894,42.17146819,0.014609311,226.0289315,0.078302393,156.5592906,0.054236274,128.6938089,0.044582935,170.5844894,0.059094973,292.2673333,0.101249125,0,0,206.6183945,0.07157807,308.5715809,0.106897347,270.0884888,0.093565787,30167.38292,3187.485026,2507.817548,0.786769986,679.6674779,0.213230014,2138.01989,0.852542041,474.3184694,0.221849419,601.5064852,0.281338115,7.241729552
Reservoir,13,0,13,0%,3217.631059,729.4642475,0.22670848,400.5250054,0.124478226,601.0517771,0.18679947,428.31224,0.133114155,559.1883852,0.173788845,239.1119504,0.074313042,259.9774531,0.080797782,806.3285474,0.250596956,614.2066051,0.190887828,37.21781735,0.011566838,79.71569586,0.024774654,20.00545756,0.006217449,102.8703534,0.031970836,81.87818988,0.02544673,1475.408392,0.458538709,2087.641806,0.648813294,305.4780546,0.146326852,510.6638414,0.244612768,770.155208,0.368911566,389.9373161,0.186783631,111.4073857,0.053365182,1788.818623,0.555942739,0,0,1615.844348,0.903302507,94.50554773,0.052831263,256.3845646,0.143326194,213.5011678,0.119353167,29.8972506,0.016713405,64.49864809,0.036056561,101.2082351,0.056578254,138.9467705,0.077675159,172.2983113,0.09631961,241.8461741,0.135198824,0.88595345,0.000495273,92.79113602,0.051872859,54.66288926,0.030558095,154.4176992,0.086323844,58401.00107,1070.144749,959.922301,0.897002299,110.2224485,0.102997701,355.345051,0.370181056,84.25522612,0.237108202,122.9689474,0.346055044,3.056776441
Silver Lake,48,2,50,4%,11572.59845,3062.490692,0.264632935,1234.471824,0.106671966,1750.158515,0.151232977,1874.371019,0.161966306,1630.746542,0.140914467,1065.987883,0.092113097,954.3719773,0.082468253,1676.198128,0.144841985,699.996309,0.060487393,90.4012164,0.007811661,492.3722455,0.042546386,15.98233111,0.001381049,23.96222801,0.0020706,187.7837607,0.016226586,8385.902234,0.724634339,7275.635937,0.6286951,2275.557175,0.312764024,3016.425095,0.414592638,1438.940891,0.197775274,445.8766141,0.061283525,98.83616084,0.013584539,5726.631912,0.494844087,0,0,5255.994877,0.917816084,349.1624644,0.060971697,482.3572914,0.084230539,204.447201,0.035701125,40.71542193,0.007109837,142.634991,0.024907309,901.4680415,0.157416795,232.0380348,0.040519111,345.9497648,0.060410686,513.2934326,0.089632692,0.123992809,2.17E-05,656.0003037,0.114552553,841.907349,0.147016145,545.8965879,0.095325943,46352.3707,4685.729359,3899.602734,0.832229614,786.1266252,0.167770386,2367.649698,0.607151512,502.0934128,0.212064062,728.0259707,0.307488887,10.18857759
Smith Hill,37,0,37,0%,6076.199488,1681.516698,0.276738231,590.119424,0.097119824,1190.574031,0.195940577,891.4138508,0.146705824,494.3415407,0.081357029,620.4401522,0.102109905,607.7937918,0.10002861,1325.522557,0.21814994,853.0241539,0.140387779,268.9093073,0.044256168,309.1433759,0.050877753,0.004156707,6.84E-07,0,0,287.5990954,0.047332069,3031.996843,0.498995605,3804.563366,0.626141945,723.9994745,0.190297652,1286.317198,0.338098508,812.2931872,0.21350497,631.7226679,0.166043408,350.2308387,0.092055462,3112.250913,0.512203544,0,0,2780.197702,0.893307699,341.7032998,0.109792979,592.7196417,0.190447255,160.3953961,0.051536782,16.53957276,0.005314344,211.855779,0.068071561,173.9245267,0.055883838,43.44852852,0.013960484,266.3701911,0.085587634,242.0817321,0.077783488,0.450930895,0.000144889,168.6208691,0.054179716,322.0225994,0.103469357,240.064635,0.077135373,38308.41628,3107.530559,2325.61415,0.748380138,781.9164094,0.251619862,1844.182553,0.792987329,427.2688312,0.231684673,280.2629599,0.151971376,4.740646322
South Elmwood,4,0,4,0%,2507.150302,552.7298518,0.220461395,239.6937156,0.095604047,426.9623744,0.170297877,256.1984477,0.102187112,456.7302326,0.182171062,207.4296481,0.082735227,367.4060316,0.146543281,515.4503546,0.205592124,302.4672228,0.120641839,34.14957244,0.013620872,233.4338575,0.093107245,0.080063949,3.19E-05,14.85366039,0.005924519,109.6586136,0.043738348,1297.056956,0.517343119,1714.726734,0.683934558,422.2975214,0.246276863,428.3441126,0.249803134,554.0117341,0.323090393,192.8699304,0.112478523,117.203436,0.068351087,1413.910403,0.563951193,0,0,1180.454751,0.834886531,31.90266558,0.022563428,203.5960859,0.143995041,109.234401,0.077256947,60.51350139,0.042798682,62.32616741,0.044080705,33.08164564,0.023397272,98.88871813,0.069939876,136.3741747,0.09645178,124.3935711,0.087978397,0,0,80.08935289,0.056643867,137.3636033,0.097151561,102.6908641,0.072628976,43851.27026,883.6407209,808.8752582,0.915389297,74.76546264,0.084610703,399.5538405,0.493962247,89.99789455,0.225245975,216.9455905,0.542969604,1.897879417
Upper South Providence,24,0,24,0%,5394.994727,1643.498988,0.30463403,377.8299375,0.070033421,818.7335445,0.151757988,646.4604151,0.119825959,534.9727513,0.099160941,584.0447333,0.108256776,789.4543572,0.146330886,649.7404933,0.120433944,1505.719096,0.279095564,21.09392543,0.003909907,302.5648554,0.056082512,0,0,52.35112521,0.009703647,127.744679,0.02367837,2735.780552,0.507096057,3373.665801,0.625332548,1132.942126,0.335819311,960.68581,0.284760218,812.7061947,0.240897066,387.5394197,0.114871906,79.79225121,0.023651498,2001.10333,0.370918496,0,0,1621.843791,0.810474785,122.1233054,0.061027986,365.8466464,0.182822466,223.4059878,0.111641405,9.07641426,0.004535705,76.11640741,0.03803722,92.76496888,0.046356911,65.54074842,0.032752306,149.0421374,0.074479981,204.8108098,0.102348943,0,0,78.33327293,0.039145042,191.5809289,0.095737649,43.20216294,0.021589171,25911.51973,2051.264278,1801.995037,0.878480192,249.2692406,0.121519808,1442.620559,0.800568553,381.4800632,0.264435482,404.0258725,0.280063853,5.737342276
Valley,45,0,45,0%,5554.598733,1742.340593,0.31367533,706.4802984,0.127188359,1111.67018,0.200135101,812.7897782,0.146327362,621.1561274,0.111827363,397.8504737,0.071625421,162.3112827,0.029221064,865.1334463,0.155750845,815.605625,0.146834301,27.8149749,0.005007558,428.0981372,0.077070938,0,0,32.99847129,0.005940748,305.9491374,0.055080331,3078.998941,0.554315278,3105.777842,0.55913631,512.4970337,0.165014067,1377.817438,0.443630391,558.0286351,0.179674356,363.1248755,0.11691914,294.3098594,0.094762045,2743.991799,0.494003605,0,0,2595.009104,0.945705853,202.0749845,0.073642707,454.9350297,0.165793145,278.4255635,0.101467345,4.832671831,0.001761183,193.0649167,0.070359145,137.7375138,0.050196037,187.5427419,0.068346685,168.1617175,0.061283608,248.3234062,0.090497139,38.54670158,0.014047674,145.085905,0.05287403,308.2084273,0.112321191,228.0695243,0.083115964,39800.58746,2386.148351,1818.201304,0.761981669,567.9470473,0.238018331,1402.905379,0.771589689,424.9887966,0.302934754,369.9083799,0.263673078,4.393263666
Wanskuck,35,0,35,0%,12135.99669,3454.226421,0.284626513,2316.91942,0.19091299,1922.470196,0.158410574,1265.199801,0.104251825,1157.777727,0.0954003,1196.641907,0.098602689,822.7612176,0.067795109,3031.168277,0.249766736,2788.13639,0.229741031,11.99750968,0.000988589,169.5528454,0.013971069,162.5954568,0.013397784,18.37246831,0.001513882,188.7058704,0.015549268,5765.467872,0.475071642,6364.850849,0.524460496,1198.953839,0.188371082,2382.063268,0.374252803,1689.178895,0.265391748,768.762215,0.12078244,325.8926313,0.051201927,4957.326716,0.408481219,0,0,4604.590606,0.928845499,284.1290024,0.057314964,1061.160571,0.214059035,348.1080211,0.070220916,44.4044936,0.008957347,214.0053234,0.043169502,241.8941359,0.048795278,237.4000469,0.047888723,435.5763939,0.087865178,583.8218588,0.117769494,0,0,321.456591,0.064844746,279.7259605,0.056426775,552.9082075,0.111533542,37479.54425,4638.94397,3786.659591,0.816276208,852.2843791,0.183723792,2536.45401,0.669839459,696.9443164,0.274771123,587.6453167,0.231679863,7.971891514
Washington Park,34,1,35,3%,8027.931691,1741.553416,0.216936751,1919.796948,0.239139672,1315.784339,0.163900789,768.4634302,0.095723713,779.9820689,0.097158533,796.4591135,0.099210998,705.8923746,0.087929544,2233.712352,0.278242571,979.4184261,0.12200134,2.610923283,0.00032523,462.0223013,0.057551848,7.819309957,0.000974013,18.6588332,0.002324239,264.8206099,0.032987402,4058.868935,0.505593357,4366.581326,0.543923578,980.569316,0.224562247,1408.326509,0.322523824,1173.990205,0.268857973,614.8088289,0.140798667,188.8864671,0.043257288,3978.805636,0.495620266,0,0,3441.366432,0.864924489,233.5413291,0.05869634,420.0239385,0.105565332,208.9730096,0.052521543,66.89760882,0.01681349,313.1105012,0.078694596,142.7959923,0.03588916,273.2198907,0.068668821,417.9217869,0.105036995,461.0896024,0.115886435,0,0,145.5816566,0.036589286,266.8321163,0.06706337,491.3789999,0.123499121,45025.43428,2385.572571,2164.025287,0.907130352,221.5472849,0.092869648,1275.896238,0.58959396,240.9162813,0.188821218,445.4100371,0.349095815,6.080793592
Wayland,14,0,14,0%,3455.053407,358.600159,0.103790048,445.5189625,0.128947055,1025.468117,0.296802392,447.0181811,0.129380976,346.0394957,0.100154601,382.3917642,0.110676079,450.0167281,0.130248849,2564.144969,0.742143367,106.6471444,0.030867003,0,0,593.6355799,0.171816615,0,0,0.018691506,5.41E-06,92.15761983,0.026673284,98.44940312,0.028494322,2650.934286,0.767262897,110.4389252,0.041660378,137.6539942,0.051926596,219.3230681,0.082734253,850.5190958,0.320837488,1332.999202,0.502841285,2112.961651,0.611556871,0,0,2065.121881,0.977358903,362.8663904,0.171733543,1084.493835,0.513257699,1.676740692,0.00079355,76.8074888,0.036350631,128.5130518,0.060821289,17.74766314,0.008399425,46.84872971,0.022172068,128.1437302,0.060646501,111.4779321,0.052759089,0,0,21.99180405,0.010408047,3.91530111,0.001852992,80.63921404,0.038164069,81819.38277,1788.559438,1588.654754,0.888231456,199.9046844,0.111768544,1005.031851,0.632630752,78.88803637,0.078493071,249.115631,0.247868394,3.055767827
West End,60,0,60,0%,17246.82244,4659.625261,0.270172971,1899.936663,0.110161548,3255.873348,0.188781056,2735.310444,0.158597936,2155.151133,0.124959316,1074.357652,0.062293078,1466.567945,0.085034095,2551.859149,0.147961119,2631.126759,0.152557189,276.1593158,0.016012185,1293.575924,0.075003725,0,0,57,0.003304957,171.2273976,0.009928055,10265.8739,0.59523277,10687.26052,0.619665481,3417.941769,0.319814583,3518.131876,0.329189306,2197.226533,0.205593054,1007.97016,0.094315111,545.9901831,0.051087946,8491.194833,0.49233387,0,0,7646.419286,0.900511581,626.1205565,0.073737627,1000.795482,0.117862739,484.8118863,0.057095838,255.5993161,0.03010169,546.3839124,0.064347118,638.7916141,0.075229885,285.1997077,0.0335877,618.0171178,0.072783293,868.8894312,0.102328288,0,0,529.2554006,0.062329909,1018.647401,0.119965143,773.9074609,0.091142351,41164.70498,6179.358593,5239.685185,0.847933504,939.6734081,0.152066496,4235.707535,0.8083897,907.1955157,0.214178035,830.8297079,0.196148979,13.48902635